id,code,name,description,active
1,program-implementation,Реализация программной логики,Выполнить заданное поведение на выбранном языке.,true
2,algorithms,Алгоритмы и структуры данных,"Решить задачу, объяснить выбор структуры и ограничения.",true
3,code-maintenance,Чтение и изменение чужого кода,Разобраться в компоненте и внести проверяемое изменение.,true
4,debugging,Поиск и исправление ошибок,"Воспроизвести дефект, найти причину и проверить исправление.",true
5,refactoring,Рефакторинг,"Изменить структуру кода, сохранив заданное поведение.",true
6,api-design,Проектирование и реализация API,Реализовать контракт взаимодействия с проверкой входных данных.,true
7,business-logic,Моделирование бизнес-логики,"Обработать состояния, ограничения и исключения предметной задачи.",true
8,service-integration,Интеграция сервисов,"Обработать ошибки, повторные запросы и недоступность внешней системы.",true
9,async-processing,Асинхронная обработка,Организовать выполнение фоновой задачи и объяснить поведение при сбоях.,true
10,application-access,Контроль доступа в приложении,Ограничить действия и данные согласно заданным ролям.,true
11,layout,Создание интерфейса по макету,Реализовать разметку и состояния интерфейса.,true
12,client-state,Управление состоянием приложения,"Обработать переходы, ввод и изменение данных интерфейса.",true
13,client-api,Взаимодействие клиента с API,"Реализовать загрузку, ошибку, успешный ответ и повторное действие.",true
14,interface-accessibility,Доступность интерфейса,Выполнить заданные сценарии клавиатуры и вспомогательных средств.,true
15,client-platform,Платформенные функции приложения,Реализовать заданное взаимодействие с возможностями устройства.,true
16,sql-queries,Работа с запросами,"Получить корректный результат на заданных данных, включая крайние случаи.",true
17,data-modeling,Моделирование структуры данных,"Спроектировать сущности, связи и ограничения предметной задачи.",true
18,transactions,Транзакции и целостность,Показать корректное поведение при ошибке и конкурирующих операциях.,true
19,query-performance,Анализ производительности запросов,Исследовать выполнение запроса и обосновать улучшение.,true
20,database-recovery,Сохранность и восстановление БД,Восстановить тестовый набор и проверить результат.,true
21,test-design,Проектирование проверок,"Выделить сценарии, крайние случаи и ожидаемые результаты.",true
22,test-automation,Автоматизация проверок,Написать воспроизводимые тесты на заданном стеке.,true
23,defect-reporting,Описание дефектов,"Подготовить понятное воспроизведение, последствия и ожидаемое поведение.",true
24,performance-testing,Нагрузочные проверки,Поставить эксперимент и интерпретировать полученные показатели.,true
25,quality-assessment,Оценка покрытия и качества,Выявить непроверенные риски и объяснить ограничения набора тестов.,true
26,deployment,Развёртывание приложения,Подготовить воспроизводимый запуск по заданным условиям.,true
27,delivery-automation,Автоматизация сборки и доставки,"Настроить проверяемую последовательность сборки, проверки и выпуска.",true
28,observability,Наблюдаемость,Получить диагностические данные и объяснить состояние системы.,true
29,incident-diagnosis,Диагностика эксплуатационного сбоя,"Восстановить причину сбоя по логам, метрикам и конфигурации.",true
30,system-recovery,Восстановление работоспособности,Выполнить восстановление или откат и проверить состояние сервиса.,true
31,network-diagnosis,Диагностика соединений,Локализовать проблему обмена данными в тестовой сети.,true
32,network-configuration,Настройка сетевого взаимодействия,Обеспечить заданную связность и ограничения доступа.,true
33,network-design,Проектирование сети,Обосновать схему сети под заданные ограничения.,true
34,vulnerability-analysis,Анализ уязвимостей,Найти проблему в учебном приложении и предложить проверяемое исправление.,true
35,security-events,Анализ событий безопасности,Исследовать учебный набор событий и обосновать вывод.,true
36,security-configuration,Настройка защиты,Выполнить заданные ограничения в изолированном окружении.,true
37,security-risk,Оценка рисков и угроз,"Разобрать сценарий, активы и меры защиты; требуется экспертная шкала.",true
38,data-preparation,Подготовка данных,"Очистить и преобразовать набор, объяснить обработку проблем.",true
39,data-analysis,Исследование данных,Проверить гипотезу и показать основания вывода.,true
40,data-pipelines,Потоки и преобразование данных,"Реализовать обработку, контроль качества и повторное выполнение.",true
41,data-visualization,Визуализация и отчётность,Подготовить представление данных для конкретного вопроса.,true
42,experiment-analysis,Анализ эксперимента,Объяснить метод анализа и ограничения вывода на заданных данных.,true
43,model-development,Разработка модели,Построить модель и сравнить с заранее заданным базовым решением.,true
44,model-evaluation,Оценка качества модели,Выбрать проверки качества и исследовать ошибки.,true
45,model-deployment,Внедрение модели,Подготовить воспроизводимое использование модели в приложении.,true
46,ai-application-evaluation,Проверка приложения с ИИ,Проверить поведение на контрольных сценариях и описать ограничения.,true
47,requirements,Выявление и формализация требований,Уточнить неоднозначности и составить проверяемые требования.,true
48,process-modeling,Моделирование процессов,"Описать процесс, состояния и исключительные сценарии.",true
49,architecture-design,Архитектурное решение,Предложить решение и обосновать компромиссы; экспертная проверка.,true
50,architecture-review,Оценка чужого решения,Найти риски и ограничения архитектуры в заданном контексте.,true
51,interaction-design,Проектирование взаимодействия,Разработать сценарий и прототип под заданную потребность.,true
52,visual-design,Проектирование интерфейса,Подготовить состояния интерфейса и объяснить решения.,true
53,user-research,Исследование пользователей,Составить план исследования и разобрать данные; экспертная проверка.,true
54,design-systems,Работа с дизайн-системой,Построить или применить компоненты и правила согласованности.,true
55,device-programming,Программирование устройств,Реализовать поведение на стенде или симуляторе с указанными ограничениями.,true
56,real-time-behavior,Работа с временными ограничениями,Проверить выполнение заданных временных условий.,true
57,interactive-systems,Интерактивные и игровые системы,Реализовать заданную механику и проверить её состояния.,true
58,graphics-computing,Графические и вычислительные задачи,Реализовать алгоритм и измерить результат на контрольных данных.,true
59,technical-docs,Техническая документация,"Подготовить инструкцию, по которой проверяющий воспроизводит сценарий.",true
60,support-analysis,Разбор обращения пользователя,"Уточнить симптомы, предложить диагностику и понятный ответ.",true
61,implementation-plan,План внедрения,"Подготовить этапы, зависимости и критерии готовности.",true
62,prioritization,Приоритизация задач,Обосновать выбор с учётом цели и ограничений; экспертная оценка.,true
63,project-planning,Планирование работ,"Разобрать зависимости, ресурсы и риски в заданном кейсе.",true
64,product-metrics,Определение продуктовых показателей,"Связать цели и измерения, объяснить ограничения.",true
65,decision-explanation,Объяснение и защита решения,Ответить на вопросы по выполненному кейсу; не выдавать за проверку всех soft skills.,true
