id,code,version,name,description,check_templates,active
1,functional_correctness,1,Реализация программной логики,Проверить наблюдаемые условия: Результат соответствует контракту на допустимых входных данных; Граничные допустимые входные данные дают ожидаемый результат,"[""Результат соответствует контракту на допустимых входных данных"",""Граничные допустимые входные данные дают ожидаемый результат""]",true
2,algorithm_correctness,1,Алгоритмы и структуры данных,Проверить наблюдаемые условия: Результат совпадает с эталоном на контрольных наборах; Решение соблюдает заданные ограничения времени и памяти,"[""Результат совпадает с эталоном на контрольных наборах"",""Решение соблюдает заданные ограничения времени и памяти""]",true
3,change_contract,1,Чтение и изменение чужого кода,Проверить наблюдаемые условия: Запрошенное изменение выполняет новый контракт; Оговорённые прежние сценарии продолжают работать,"[""Запрошенное изменение выполняет новый контракт"",""Оговорённые прежние сценарии продолжают работать""]",true
4,defect_resolution,1,Поиск и исправление ошибок,Проверить наблюдаемые условия: Исходный дефект воспроизведён и его причина подтверждена; Исправление устраняет дефект без оговорённых регрессий,"[""Исходный дефект воспроизведён и его причина подтверждена"",""Исправление устраняет дефект без оговорённых регрессий""]",true
5,behavior_preservation,1,Рефакторинг,Проверить наблюдаемые условия: Оговорённое внешнее поведение сохранено; Заявленное структурное изменение выполнено по конкретным ограничениям задания,"[""Оговорённое внешнее поведение сохранено"",""Заявленное структурное изменение выполнено по конкретным ограничениям задания""]",true
6,api_contract,1,Проектирование и реализация API,Проверить наблюдаемые условия: Ответы соответствуют заданной структуре и кодам состояния; Ошибочные запросы обработаны согласно контракту,"[""Ответы соответствуют заданной структуре и кодам состояния"",""Ошибочные запросы обработаны согласно контракту""]",true
7,business_rules,1,Моделирование бизнес-логики,Проверить наблюдаемые условия: Допустимые переходы состояния выполняют заданные правила; Запрещённые переходы не создают недопустимое состояние,"[""Допустимые переходы состояния выполняют заданные правила"",""Запрещённые переходы не создают недопустимое состояние""]",true
8,integration_contract,1,Интеграция сервисов,Проверить наблюдаемые условия: Корректный обмен соответствует контракту внешней системы; Указанные сбои внешней системы обрабатываются по условию,"[""Корректный обмен соответствует контракту внешней системы"",""Указанные сбои внешней системы обрабатываются по условию""]",true
9,async_execution,1,Асинхронная обработка,Проверить наблюдаемые условия: Фоновая задача выполняется и её результат доступен по условию; Указанные ошибки выполнения и повторная доставка обработаны по условию,"[""Фоновая задача выполняется и её результат доступен по условию"",""Указанные ошибки выполнения и повторная доставка обработаны по условию""]",true
10,access_enforcement,1,Контроль доступа в приложении,Проверить наблюдаемые условия: Разрешённые действия доступны указанным ролям; Запрещённые действия и доступ к чужим данным блокируются,"[""Разрешённые действия доступны указанным ролям"",""Запрещённые действия и доступ к чужим данным блокируются""]",true
11,layout_conformance,1,Создание интерфейса по макету,Проверить наблюдаемые условия: Разметка соответствует перечисленным параметрам макета и контрольным размерам экрана; Оговорённые состояния элементов отображаются корректно,"[""Разметка соответствует перечисленным параметрам макета и контрольным размерам экрана"",""Оговорённые состояния элементов отображаются корректно""]",true
12,state_transitions,1,Управление состоянием приложения,Проверить наблюдаемые условия: Действия пользователя приводят к заданным состояниям; Повторные действия и указанные отмены не нарушают состояние,"[""Действия пользователя приводят к заданным состояниям"",""Повторные действия и указанные отмены не нарушают состояние""]",true
13,client_api_states,1,Взаимодействие клиента с API,"Проверить наблюдаемые условия: Загрузка и успешный ответ отображаются согласно условию; Ошибка, повтор и отмена обрабатываются по заданным правилам","[""Загрузка и успешный ответ отображаются согласно условию"",""Ошибка, повтор и отмена обрабатываются по заданным правилам""]",true
14,accessibility_scenarios,1,Доступность интерфейса,Проверить наблюдаемые условия: Заданный сценарий выполняется с клавиатуры с ожидаемым фокусом; Оговорённые элементы имеют требуемые доступные имена и состояния,"[""Заданный сценарий выполняется с клавиатуры с ожидаемым фокусом"",""Оговорённые элементы имеют требуемые доступные имена и состояния""]",true
15,platform_interaction,1,Платформенные функции приложения,Проверить наблюдаемые условия: Функция устройства выполняет заданный сценарий; Отказ в разрешении и отсутствие возможности обработаны по условию,"[""Функция устройства выполняет заданный сценарий"",""Отказ в разрешении и отсутствие возможности обработаны по условию""]",true
16,data_operations,1,Работа с запросами,"Проверить наблюдаемые условия: Результат запросов и изменений совпадает с ожидаемыми данными; Пустые, повторяющиеся и предельные данные обработаны по заданному контракту","[""Результат запросов и изменений совпадает с ожидаемыми данными"",""Пустые, повторяющиеся и предельные данные обработаны по заданному контракту""]",true
17,schema_constraints,1,Моделирование структуры данных,Проверить наблюдаемые условия: Схема представляет все заданные сущности и связи; Оговорённые недопустимые состояния блокируются ограничениями,"[""Схема представляет все заданные сущности и связи"",""Оговорённые недопустимые состояния блокируются ограничениями""]",true
18,transaction_atomicity,1,Транзакции и целостность,Проверить наблюдаемые условия: Успешная операция сохраняет требуемое согласованное состояние; При указанных сбоях отсутствуют запрещённые частичные изменения,"[""Успешная операция сохраняет требуемое согласованное состояние"",""При указанных сбоях отсутствуют запрещённые частичные изменения""]",true
19,query_efficiency,1,Анализ производительности запросов,Проверить наблюдаемые условия: Измерение выполнено на заданных данных и по воспроизводимой процедуре; Изменение сохраняет результат и удовлетворяет заданному ограничению производительности,"[""Измерение выполнено на заданных данных и по воспроизводимой процедуре"",""Изменение сохраняет результат и удовлетворяет заданному ограничению производительности""]",true
20,database_restore,1,Сохранность и восстановление БД,Проверить наблюдаемые условия: Контрольные данные восстанавливаются в указанную точку; Восстановленные данные проходят заданные проверки целостности,"[""Контрольные данные восстанавливаются в указанную точку"",""Восстановленные данные проходят заданные проверки целостности""]",true
21,scenario_coverage,1,Проектирование проверок,Проверить наблюдаемые условия: Сценарии покрывают перечисленные требования и границы; Для каждого сценария указан проверяемый ожидаемый результат,"[""Сценарии покрывают перечисленные требования и границы"",""Для каждого сценария указан проверяемый ожидаемый результат""]",true
22,test_effectiveness,1,Автоматизация проверок,Проверить наблюдаемые условия: Проверки воспроизводимо выполняются на корректном решении; Проверки обнаруживают оговорённые контрольные дефекты,"[""Проверки воспроизводимо выполняются на корректном решении"",""Проверки обнаруживают оговорённые контрольные дефекты""]",true
23,defect_reproducibility,1,Описание дефектов,"Проверить наблюдаемые условия: По описанию воспроизводится заданный дефект; Фактическое и ожидаемое поведение, условия и последствия разделены","[""По описанию воспроизводится заданный дефект"",""Фактическое и ожидаемое поведение, условия и последствия разделены""]",true
24,load_experiment,1,Нагрузочные проверки,Проверить наблюдаемые условия: Нагрузка и измерения соответствуют заданному сценарию; Выводы о показателях подтверждены измерениями и оговорёнными ограничениями,"[""Нагрузка и измерения соответствуют заданному сценарию"",""Выводы о показателях подтверждены измерениями и оговорёнными ограничениями""]",true
25,coverage_gaps,1,Оценка покрытия и качества,Проверить наблюдаемые условия: Найдены оговорённые непроверенные риски в предоставленном наборе; Предложенные проверки адресуют эти риски и имеют ожидаемые результаты,"[""Найдены оговорённые непроверенные риски в предоставленном наборе"",""Предложенные проверки адресуют эти риски и имеют ожидаемые результаты""]",true
26,reproducible_deployment,1,Развёртывание приложения,Проверить наблюдаемые условия: Приложение запускается по инструкции в чистом заданном окружении; Проверка готовности и конфигурация соответствуют условию,"[""Приложение запускается по инструкции в чистом заданном окружении"",""Проверка готовности и конфигурация соответствуют условию""]",true
27,pipeline_execution,1,Автоматизация сборки и доставки,Проверить наблюдаемые условия: Конвейер выполняет заданные этапы и производит нужный артефакт; Оговорённый провал проверки блокирует выпуск,"[""Конвейер выполняет заданные этапы и производит нужный артефакт"",""Оговорённый провал проверки блокирует выпуск""]",true
28,diagnostic_visibility,1,Наблюдаемость,Проверить наблюдаемые условия: Предусмотренные события отражаются в заданных логах и метриках; По этим данным обнаруживается и локализуется контрольное отклонение,"[""Предусмотренные события отражаются в заданных логах и метриках"",""По этим данным обнаруживается и локализуется контрольное отклонение""]",true
29,incident_root_cause,1,Диагностика эксплуатационного сбоя,Проверить наблюдаемые условия: Причина контрольного сбоя согласуется с предоставленными доказательствами; Предложенная проверка причины и исправление подтверждаются на стенде,"[""Причина контрольного сбоя согласуется с предоставленными доказательствами"",""Предложенная проверка причины и исправление подтверждаются на стенде""]",true
30,service_restore,1,Восстановление работоспособности,Проверить наблюдаемые условия: Восстановление или откат возвращает сервис в заданное рабочее состояние; Проверены оговорённые ограничения целостности и времени восстановления,"[""Восстановление или откат возвращает сервис в заданное рабочее состояние"",""Проверены оговорённые ограничения целостности и времени восстановления""]",true
31,network_fault_location,1,Диагностика соединений,Проверить наблюдаемые условия: Локализован участок и причина контрольной проблемы связи; Диагностические измерения подтверждают вывод и исключают заданные альтернативы,"[""Локализован участок и причина контрольной проблемы связи"",""Диагностические измерения подтверждают вывод и исключают заданные альтернативы""]",true
32,network_policy,1,Настройка сетевого взаимодействия,Проверить наблюдаемые условия: Разрешённые соединения работают по заданной матрице; Запрещённые соединения блокируются,"[""Разрешённые соединения работают по заданной матрице"",""Запрещённые соединения блокируются""]",true
33,network_requirements,1,Проектирование сети,Проверить наблюдаемые условия: Схема обеспечивает заданные потоки и ограничения; Рассмотрены указанные отказные сценарии и ограничения пропускной способности,"[""Схема обеспечивает заданные потоки и ограничения"",""Рассмотрены указанные отказные сценарии и ограничения пропускной способности""]",true
34,vulnerability_evidence,1,Анализ уязвимостей,Проверить наблюдаемые условия: Контрольная уязвимость подтверждена воспроизводимым сценарием на учебном стенде; Исправление блокирует этот сценарий и сохраняет разрешённое поведение,"[""Контрольная уязвимость подтверждена воспроизводимым сценарием на учебном стенде"",""Исправление блокирует этот сценарий и сохраняет разрешённое поведение""]",true
35,event_analysis,1,Анализ событий безопасности,Проверить наблюдаемые условия: Вывод о контрольном событии подтверждён указанными источниками; Последовательность событий и оговорённые альтернативы разобраны без вымышленных фактов,"[""Вывод о контрольном событии подтверждён указанными источниками"",""Последовательность событий и оговорённые альтернативы разобраны без вымышленных фактов""]",true
36,security_policy,1,Настройка защиты,Проверить наблюдаемые условия: Заданные защитные ограничения применены; Проверки подтверждают блокировку запрещённых и сохранение разрешённых действий,"[""Заданные защитные ограничения применены"",""Проверки подтверждают блокировку запрещённых и сохранение разрешённых действий""]",true
37,threat_controls,1,Оценка рисков и угроз,Проверить наблюдаемые условия: Для заданных активов описаны угрозы и основания оценки риска; Меры защиты связаны с угрозами и оговорёнными ограничениями,"[""Для заданных активов описаны угрозы и основания оценки риска"",""Меры защиты связаны с угрозами и оговорёнными ограничениями""]",true
38,data_cleaning,1,Подготовка данных,Проверить наблюдаемые условия: Заданные дефекты данных исправлены по указанным правилам; Корректные значения и оговорённые связи сохранены,"[""Заданные дефекты данных исправлены по указанным правилам"",""Корректные значения и оговорённые связи сохранены""]",true
39,analysis_validity,1,Исследование данных,Проверить наблюдаемые условия: Расчёты воспроизводятся на предоставленных данных; Вывод отвечает вопросу и ограничен фактическими результатами,"[""Расчёты воспроизводятся на предоставленных данных"",""Вывод отвечает вопросу и ограничен фактическими результатами""]",true
40,pipeline_integrity,1,Потоки и преобразование данных,Проверить наблюдаемые условия: Преобразование выдаёт ожидаемые данные на контрольном наборе; Оговорённые повторы и сбои не создают запрещённых потерь или дубликатов,"[""Преобразование выдаёт ожидаемые данные на контрольном наборе"",""Оговорённые повторы и сбои не создают запрещённых потерь или дубликатов""]",true
41,report_accuracy,1,Визуализация и отчётность,Проверить наблюдаемые условия: Значения и подписи соответствуют контрольным данным; Представление позволяет ответить на заданный вопрос без оговорённых искажений,"[""Значения и подписи соответствуют контрольным данным"",""Представление позволяет ответить на заданный вопрос без оговорённых искажений""]",true
42,experiment_validity,1,Анализ эксперимента,Проверить наблюдаемые условия: Расчёт эффекта и неопределённости выполнен по заданному плану; Вывод учитывает перечисленные ограничения данных и дизайна эксперимента,"[""Расчёт эффекта и неопределённости выполнен по заданному плану"",""Вывод учитывает перечисленные ограничения данных и дизайна эксперимента""]",true
43,model_baseline,1,Разработка модели,Проверить наблюдаемые условия: Обучение воспроизводится с заданным разделением данных без оговорённой утечки; Результат сравнен с фиксированным базовым решением по заданной процедуре,"[""Обучение воспроизводится с заданным разделением данных без оговорённой утечки"",""Результат сравнен с фиксированным базовым решением по заданной процедуре""]",true
44,model_error_analysis,1,Оценка качества модели,Проверить наблюдаемые условия: Метрики рассчитаны на заданной независимой выборке; Разбор ошибок и выделенных групп подтверждён примерами и расчётами,"[""Метрики рассчитаны на заданной независимой выборке"",""Разбор ошибок и выделенных групп подтверждён примерами и расчётами""]",true
45,model_serving,1,Внедрение модели,"Проверить наблюдаемые условия: Модель выдаёт ожидаемый формат результата в заданном приложении; Оговорённые ограничения запуска, версии и ресурсов проверены","[""Модель выдаёт ожидаемый формат результата в заданном приложении"",""Оговорённые ограничения запуска, версии и ресурсов проверены""]",true
46,ai_scenario_evaluation,1,Проверка приложения с ИИ,Проверить наблюдаемые условия: Контрольный набор покрывает перечисленные сценарии приложения; Ошибки и ограничения описаны на основании фактических ответов по фиксированной шкале,"[""Контрольный набор покрывает перечисленные сценарии приложения"",""Ошибки и ограничения описаны на основании фактических ответов по фиксированной шкале""]",true
47,requirements_testability,1,Выявление и формализация требований,"Проверить наблюдаемые условия: Требования отражают заданную потребность без оговорённых противоречий; Условия приёмки проверяемы, неоднозначности обозначены","[""Требования отражают заданную потребность без оговорённых противоречий"",""Условия приёмки проверяемы, неоднозначности обозначены""]",true
48,process_consistency,1,Моделирование процессов,"Проверить наблюдаемые условия: Модель содержит заданные состояния, участников и переходы; Исключительные сценарии не приводят к оговорённым противоречиям","[""Модель содержит заданные состояния, участников и переходы"",""Исключительные сценарии не приводят к оговорённым противоречиям""]",true
49,architecture_constraints,1,Архитектурное решение,Проверить наблюдаемые условия: Решение удовлетворяет указанным функциональным и ресурсным ограничениям; Компромиссы обоснованы сравнением допустимых альтернатив по заданным вопросам,"[""Решение удовлетворяет указанным функциональным и ресурсным ограничениям"",""Компромиссы обоснованы сравнением допустимых альтернатив по заданным вопросам""]",true
50,architecture_risks,1,Оценка чужого решения,Проверить наблюдаемые условия: Найдены контрольные риски и нарушения заданных ограничений; Предложенные изменения адресуют риски и учитывают оговорённые последствия,"[""Найдены контрольные риски и нарушения заданных ограничений"",""Предложенные изменения адресуют риски и учитывают оговорённые последствия""]",true
51,user_flow_completion,1,Проектирование взаимодействия,Проверить наблюдаемые условия: Прототип позволяет пройти заданный пользовательский сценарий; Оговорённые ошибки и возвраты имеют определённое поведение,"[""Прототип позволяет пройти заданный пользовательский сценарий"",""Оговорённые ошибки и возвраты имеют определённое поведение""]",true
52,visual_constraints,1,Проектирование интерфейса,Проверить наблюдаемые условия: Интерфейс соблюдает перечисленные визуальные ограничения и состояния; Оговорённые правила иерархии и согласованности применены к контрольным экранам,"[""Интерфейс соблюдает перечисленные визуальные ограничения и состояния"",""Оговорённые правила иерархии и согласованности применены к контрольным экранам""]",true
53,research_traceability,1,Исследование пользователей,Проверить наблюдаемые условия: План исследования соответствует заданному вопросу и ограничениям; Выводы прослеживаются до предоставленных наблюдений и учитывают ограничения выборки,"[""План исследования соответствует заданному вопросу и ограничениям"",""Выводы прослеживаются до предоставленных наблюдений и учитывают ограничения выборки""]",true
54,component_consistency,1,Работа с дизайн-системой,Проверить наблюдаемые условия: Компоненты и варианты покрывают заданные состояния; Повторное применение соблюдает определённые правила токенов и поведения,"[""Компоненты и варианты покрывают заданные состояния"",""Повторное применение соблюдает определённые правила токенов и поведения""]",true
55,device_behavior,1,Программирование устройств,Проверить наблюдаемые условия: Устройство или симулятор выполняет заданные последовательности входов и выходов; Оговорённые ошибки и ресурсные ограничения обработаны,"[""Устройство или симулятор выполняет заданные последовательности входов и выходов"",""Оговорённые ошибки и ресурсные ограничения обработаны""]",true
56,timing_constraints,1,Работа с временными ограничениями,Проверить наблюдаемые условия: Заданные операции укладываются в фиксированные временные пределы; Оговорённые условия нагрузки и нарушения времени проверены,"[""Заданные операции укладываются в фиксированные временные пределы"",""Оговорённые условия нагрузки и нарушения времени проверены""]",true
57,interactive_rules,1,Интерактивные и игровые системы,"Проверить наблюдаемые условия: Механика выполняет заданные переходы и правила; Оговорённые столкновения, повторы и крайние состояния обработаны","[""Механика выполняет заданные переходы и правила"",""Оговорённые столкновения, повторы и крайние состояния обработаны""]",true
58,computational_accuracy,1,Графические и вычислительные задачи,Проверить наблюдаемые условия: Результат соответствует контрольному образцу с заданным допуском; Заданные ограничения ресурсов соблюдены на контрольных данных,"[""Результат соответствует контрольному образцу с заданным допуском"",""Заданные ограничения ресурсов соблюдены на контрольных данных""]",true
59,instruction_reproducibility,1,Техническая документация,"Проверить наблюдаемые условия: По инструкции воспроизводится заданный сценарий в указанной среде; Предусловия, ограничения и оговорённые ошибки отражены","[""По инструкции воспроизводится заданный сценарий в указанной среде"",""Предусловия, ограничения и оговорённые ошибки отражены""]",true
60,support_diagnosis,1,Разбор обращения пользователя,Проверить наблюдаемые условия: Уточнения и диагностика позволяют различить заданные причины обращения; Ответ предлагает проверяемые действия в пределах предоставленных фактов,"[""Уточнения и диагностика позволяют различить заданные причины обращения"",""Ответ предлагает проверяемые действия в пределах предоставленных фактов""]",true
61,rollout_readiness,1,План внедрения,"Проверить наблюдаемые условия: План содержит заданные этапы, зависимости и условия готовности; Оговорённые риски, проверка результата и откат имеют конкретные действия","[""План содержит заданные этапы, зависимости и условия готовности"",""Оговорённые риски, проверка результата и откат имеют конкретные действия""]",true
62,priority_rationale,1,Приоритизация задач,Проверить наблюдаемые условия: Приоритеты прослеживаются до заданных целей и ограничений; Выбор учитывает оговорённые зависимости и альтернативы,"[""Приоритеты прослеживаются до заданных целей и ограничений"",""Выбор учитывает оговорённые зависимости и альтернативы""]",true
63,plan_feasibility,1,Планирование работ,Проверить наблюдаемые условия: План учитывает заданные зависимости и доступные ресурсы; Оговорённые риски и изменения разобраны с проверяемыми последствиями,"[""План учитывает заданные зависимости и доступные ресурсы"",""Оговорённые риски и изменения разобраны с проверяемыми последствиями""]",true
64,metric_alignment,1,Определение продуктовых показателей,Проверить наблюдаемые условия: Метрики связаны с указанной целью и имеют определение расчёта; Оговорённые искажения и ограничения интерпретации объяснены,"[""Метрики связаны с указанной целью и имеют определение расчёта"",""Оговорённые искажения и ограничения интерпретации объяснены""]",true
65,decision_evidence,1,Объяснение и защита решения,Проверить наблюдаемые условия: Объяснение согласуется с фактически выполненным решением; Ответы на заданные вопросы подтверждены примерами или расчётами,"[""Объяснение согласуется с фактически выполненным решением"",""Ответы на заданные вопросы подтверждены примерами или расчётами""]",true
66,input_validation,1,Проверка входных данных,Проверить наблюдаемые условия: Входы с заданными нарушениями формата отклоняются; Недопустимый ввод не создаёт запрещённых изменений,"[""Входы с заданными нарушениями формата отклоняются"",""Недопустимый ввод не создаёт запрещённых изменений""]",true
67,sql_parameterization,1,Параметризация запросов,Проверить наблюдаемые условия: Переданные значения не меняют структуру SQL-запроса; Контрольные значения обрабатываются как данные с ожидаемым результатом,"[""Переданные значения не меняют структуру SQL-запроса"",""Контрольные значения обрабатываются как данные с ожидаемым результатом""]",true
68,concurrency_consistency,1,Согласованность конкурентных операций,Проверить наблюдаемые условия: Заданные параллельные операции сохраняют инварианты; Оговорённые конфликты обрабатываются без запрещённых результатов,"[""Заданные параллельные операции сохраняют инварианты"",""Оговорённые конфликты обрабатываются без запрещённых результатов""]",true
69,request_idempotency,1,Повторное выполнение запроса,Проверить наблюдаемые условия: Повтор с тем же ключом не дублирует заданный эффект; Конфликтующее содержимое с тем же ключом обработано по контракту,"[""Повтор с тем же ключом не дублирует заданный эффект"",""Конфликтующее содержимое с тем же ключом обработано по контракту""]",true
70,container_configuration,1,Конфигурация контейнера,"Проверить наблюдаемые условия: Образ собирается и запускается в заданной среде; Параметры, ресурсы и доступы соответствуют ограничениям задания","[""Образ собирается и запускается в заданной среде"",""Параметры, ресурсы и доступы соответствуют ограничениям задания""]",true
71,orchestration_recovery,1,Восстановление в оркестраторе,"Проверить наблюдаемые условия: Заданный отказ экземпляра приводит к предусмотренному восстановлению; Готовность, трафик и данные после восстановления соответствуют условию","[""Заданный отказ экземпляра приводит к предусмотренному восстановлению"",""Готовность, трафик и данные после восстановления соответствуют условию""]",true
72,code_readability,1,Прослеживаемость структуры кода,Проверить наблюдаемые условия: Указанные точки изменения локализуются по именам и структуре; Перечисленные ограничения структуры соблюдены без изменения поведения,"[""Указанные точки изменения локализуются по именам и структуре"",""Перечисленные ограничения структуры соблюдены без изменения поведения""]",true
