criterion_id,competency_id,active,scope_note
1,1,true,"Проверяемый аспект компетенции, не подтверждение всей компетенции"
2,2,true,"Проверяемый аспект компетенции, не подтверждение всей компетенции"
3,3,true,"Проверяемый аспект компетенции, не подтверждение всей компетенции"
4,4,true,"Проверяемый аспект компетенции, не подтверждение всей компетенции"
5,5,true,"Проверяемый аспект компетенции, не подтверждение всей компетенции"
6,6,true,"Проверяемый аспект компетенции, не подтверждение всей компетенции"
7,7,true,"Проверяемый аспект компетенции, не подтверждение всей компетенции"
8,8,true,"Проверяемый аспект компетенции, не подтверждение всей компетенции"
9,9,true,"Проверяемый аспект компетенции, не подтверждение всей компетенции"
10,10,true,"Проверяемый аспект компетенции, не подтверждение всей компетенции"
11,11,true,"Проверяемый аспект компетенции, не подтверждение всей компетенции"
12,12,true,"Проверяемый аспект компетенции, не подтверждение всей компетенции"
13,13,true,"Проверяемый аспект компетенции, не подтверждение всей компетенции"
14,14,true,"Проверяемый аспект компетенции, не подтверждение всей компетенции"
15,15,true,"Проверяемый аспект компетенции, не подтверждение всей компетенции"
16,16,true,"Проверяемый аспект компетенции, не подтверждение всей компетенции"
17,17,true,"Проверяемый аспект компетенции, не подтверждение всей компетенции"
18,18,true,"Проверяемый аспект компетенции, не подтверждение всей компетенции"
19,19,true,"Проверяемый аспект компетенции, не подтверждение всей компетенции"
20,20,true,"Проверяемый аспект компетенции, не подтверждение всей компетенции"
21,21,true,"Проверяемый аспект компетенции, не подтверждение всей компетенции"
22,22,true,"Проверяемый аспект компетенции, не подтверждение всей компетенции"
23,23,true,"Проверяемый аспект компетенции, не подтверждение всей компетенции"
24,24,true,"Проверяемый аспект компетенции, не подтверждение всей компетенции"
25,25,true,"Проверяемый аспект компетенции, не подтверждение всей компетенции"
26,26,true,"Проверяемый аспект компетенции, не подтверждение всей компетенции"
27,27,true,"Проверяемый аспект компетенции, не подтверждение всей компетенции"
28,28,true,"Проверяемый аспект компетенции, не подтверждение всей компетенции"
29,29,true,"Проверяемый аспект компетенции, не подтверждение всей компетенции"
30,30,true,"Проверяемый аспект компетенции, не подтверждение всей компетенции"
31,31,true,"Проверяемый аспект компетенции, не подтверждение всей компетенции"
32,32,true,"Проверяемый аспект компетенции, не подтверждение всей компетенции"
33,33,true,"Проверяемый аспект компетенции, не подтверждение всей компетенции"
34,34,true,"Проверяемый аспект компетенции, не подтверждение всей компетенции"
35,35,true,"Проверяемый аспект компетенции, не подтверждение всей компетенции"
36,36,true,"Проверяемый аспект компетенции, не подтверждение всей компетенции"
37,37,true,"Проверяемый аспект компетенции, не подтверждение всей компетенции"
38,38,true,"Проверяемый аспект компетенции, не подтверждение всей компетенции"
39,39,true,"Проверяемый аспект компетенции, не подтверждение всей компетенции"
40,40,true,"Проверяемый аспект компетенции, не подтверждение всей компетенции"
41,41,true,"Проверяемый аспект компетенции, не подтверждение всей компетенции"
42,42,true,"Проверяемый аспект компетенции, не подтверждение всей компетенции"
43,43,true,"Проверяемый аспект компетенции, не подтверждение всей компетенции"
44,44,true,"Проверяемый аспект компетенции, не подтверждение всей компетенции"
45,45,true,"Проверяемый аспект компетенции, не подтверждение всей компетенции"
46,46,true,"Проверяемый аспект компетенции, не подтверждение всей компетенции"
47,47,true,"Проверяемый аспект компетенции, не подтверждение всей компетенции"
48,48,true,"Проверяемый аспект компетенции, не подтверждение всей компетенции"
49,49,true,"Проверяемый аспект компетенции, не подтверждение всей компетенции"
50,50,true,"Проверяемый аспект компетенции, не подтверждение всей компетенции"
51,51,true,"Проверяемый аспект компетенции, не подтверждение всей компетенции"
52,52,true,"Проверяемый аспект компетенции, не подтверждение всей компетенции"
53,53,true,"Проверяемый аспект компетенции, не подтверждение всей компетенции"
54,54,true,"Проверяемый аспект компетенции, не подтверждение всей компетенции"
55,55,true,"Проверяемый аспект компетенции, не подтверждение всей компетенции"
56,56,true,"Проверяемый аспект компетенции, не подтверждение всей компетенции"
57,57,true,"Проверяемый аспект компетенции, не подтверждение всей компетенции"
58,58,true,"Проверяемый аспект компетенции, не подтверждение всей компетенции"
59,59,true,"Проверяемый аспект компетенции, не подтверждение всей компетенции"
60,60,true,"Проверяемый аспект компетенции, не подтверждение всей компетенции"
61,61,true,"Проверяемый аспект компетенции, не подтверждение всей компетенции"
62,62,true,"Проверяемый аспект компетенции, не подтверждение всей компетенции"
63,63,true,"Проверяемый аспект компетенции, не подтверждение всей компетенции"
64,64,true,"Проверяемый аспект компетенции, не подтверждение всей компетенции"
65,65,true,"Проверяемый аспект компетенции, не подтверждение всей компетенции"
66,6,true,"Проверяемый аспект компетенции, не подтверждение всей компетенции"
67,16,true,"Проверяемый аспект компетенции, не подтверждение всей компетенции"
68,18,true,"Проверяемый аспект компетенции, не подтверждение всей компетенции"
69,8,true,"Проверяемый аспект компетенции, не подтверждение всей компетенции"
70,26,true,"Проверяемый аспект компетенции, не подтверждение всей компетенции"
71,30,true,"Проверяемый аспект компетенции, не подтверждение всей компетенции"
72,3,true,"Проверяемый аспект компетенции, не подтверждение всей компетенции"
1,7,true,Реализация поведения предметной задачи
6,8,true,Соблюдение контракта API при взаимодействии сервисов
66,7,true,Отклонение недопустимых входных данных предметной задачи
22,25,true,Способность набора тестов обнаруживать заданные дефекты
59,26,true,Воспроизводимость инструкции развёртывания
32,36,true,Проверка разрешённых и запрещённых сетевых соединений
