id,code,name,description,direction_code,active
1,backend,Backend-разработчик,"Серверная логика, API и обработка данных.",web-development,true
2,frontend,Frontend-разработчик,Клиентские интерфейсы веб-приложений.,web-development,true
3,fullstack,Full Stack-разработчик,"Frontend, Backend и взаимодействие частей приложения.",web-development,true
4,integration,Разработчик интеграций,"Обмен данными, взаимодействие сервисов и внешних систем.",web-development,true
5,mobile,Разработчик мобильных приложений,"Приложения для мобильных устройств; уточнения iOS, Android, кроссплатформенная разработка.",application-systems,true
6,desktop,Разработчик настольных приложений,Приложения для персональных компьютеров.,application-systems,true
7,systems,Системный программист,"Операционные системы, драйверы и низкоуровневые компоненты.",application-systems,true
8,sdk,Разработчик библиотек и SDK,Программные компоненты и инструменты для других разработчиков.,application-systems,true
9,enterprise-development,Разработчик корпоративных систем,Прикладные системы организации и отраслевые решения.,enterprise-automation,true
10,erp,Специалист по ERP-системам,"Внедрение, настройка и развитие систем управления ресурсами предприятия.",enterprise-automation,true
11,crm,Специалист по CRM-системам,Внедрение и развитие систем взаимодействия с клиентами.,enterprise-automation,true
12,ecm,Специалист по электронному документообороту,"Системы документов, согласований и управления корпоративным содержимым.",enterprise-automation,true
13,rpa,Разработчик RPA,Автоматизация повторяемых операций с помощью программных роботов.,enterprise-automation,true
14,low-code,Разработчик на Low-code / No-code платформах,Создание приложений и автоматизаций средствами соответствующих платформ.,enterprise-automation,true
15,gameplay,Разработчик игровой логики,"Игровые механики, состояния и взаимодействия.",games,true
16,game-engine,Разработчик игровых движков,Базовые программные системы игрового движка.,games,true
17,graphics,Разработчик графических систем,"Рендеринг, шейдеры и программная визуализация.",games,true
18,game-network,Разработчик сетевых игровых систем,Многопользовательское взаимодействие и синхронизация.,games,true
19,game-tools,Разработчик инструментов для игр,"Редакторы, сборка и инструменты производства игр.",games,true
20,technical-artist,Технический художник,"Связь художественных материалов, инструментов и ограничений движка.",games,true
21,xr,Разработчик AR / VR / XR,Приложения дополненной и виртуальной реальности.,games,true
22,embedded,Разработчик встроенных систем,Программное обеспечение устройств и микроконтроллеров.,devices-computing,true
23,firmware,Разработчик прошивок,Низкоуровневое управление аппаратными компонентами.,devices-computing,true
24,iot,Разработчик IoT-систем,"Связь устройств, телеметрия и обработка данных устройств.",devices-computing,true
25,robotics,Разработчик робототехнических систем,Программное управление роботами и обработка данных сенсоров.,devices-computing,true
26,realtime,Разработчик систем реального времени,Системы с определёнными требованиями к времени реакции.,devices-computing,true
27,hpc,Инженер высокопроизводительных вычислений,Параллельные вычисления и ускорение вычислительных задач.,devices-computing,true
28,scientific,Разработчик научного и инженерного ПО,"Моделирование, численные методы и расчётные приложения.",devices-computing,true
29,gis,Разработчик геоинформационных систем,"Пространственные данные, карты и геоинформационные сервисы.",devices-computing,true
30,data-analyst,Аналитик данных,Исследование данных и подготовка выводов.,data-analytics,true
31,product-analyst,Продуктовый аналитик,"Метрики цифрового продукта, поведение пользователей и эксперименты.",data-analytics,true
32,bi,BI-специалист,"Системы отчётности, аналитические модели и панели.",data-analytics,true
33,data-engineer,Инженер данных — Data Engineer,"Потоки, преобразование и инфраструктура данных.",data-analytics,true
34,analytics-engineer,Analytics Engineer,Подготовка и сопровождение моделей данных для аналитики.,data-analytics,true
35,data-scientist,Data Scientist,Статистическое исследование и построение моделей на данных.,data-analytics,true
36,data-quality,Специалист по качеству данных,"Проверка, измерение и повышение качества данных.",data-analytics,true
37,data-governance,Специалист по управлению данными,"Каталоги, правила использования, ответственность и жизненный цикл данных.",data-analytics,true
38,ml,Инженер машинного обучения — ML Engineer,Разработка и внедрение систем машинного обучения.,ai,true
39,computer-vision,Инженер компьютерного зрения,Обработка и анализ изображений и видео.,ai,true
40,nlp,Инженер обработки языка и речи,"Системы обработки текстов, речи и языковых данных.",ai,true
41,generative-ai,Разработчик приложений генеративного ИИ,"Приложения с генеративными моделями, поиском и внешними инструментами.",ai,true
42,mlops,MLOps-инженер,"Развёртывание, наблюдаемость и сопровождение моделей.",ai,true
43,ai-research,Исследователь ИИ и машинного обучения,"Исследование методов, моделей и алгоритмов.",ai,true
44,ai-evaluation,Специалист по оценке качества ИИ,"Проверка поведения моделей и приложений, контроль качества и ограничений.",ai,true
45,dba,Администратор баз данных — DBA,"Эксплуатация, производительность, доступность и сохранность БД.",databases,true
46,database-development,Разработчик баз данных,"Схемы, запросы и программные компоненты на стороне БД.",databases,true
47,database-architecture,Архитектор баз данных,"Проектирование способов хранения, доступа и развития БД.",databases,true
48,qa-functional,Инженер функционального тестирования,Проверка функций и поведения системы.,quality,true
49,qa-automation,Инженер автоматизации тестирования,Автоматические проверки и тестовая инфраструктура.,quality,true
50,qa-performance,Инженер нагрузочного тестирования,"Производительность, масштабируемость и нагрузочные ограничения.",quality,true
51,qa-reliability,Инженер проверки надёжности,"Устойчивость, восстановление и поведение при сбоях.",quality,true
52,qa-embedded,Инженер тестирования устройств и встроенного ПО,Проверка программного и аппаратного взаимодействия.,quality,true
53,qa-games,Тестировщик игр,Проверка игрового поведения и технического качества.,quality,true
54,accessibility,Специалист по цифровой доступности,Проверка и улучшение доступности продуктов.,quality,true
55,sysadmin,Системный администратор,"Операционные системы, серверы и инфраструктурные сервисы.",infrastructure,true
56,devops,DevOps-инженер,"Автоматизация сборки, доставки и эксплуатации ПО.",infrastructure,true
57,sre,SRE-инженер,"Надёжность сервисов, наблюдаемость и эксплуатационные ограничения.",infrastructure,true
58,platform,Инженер платформы — Platform Engineer,Внутренние платформы и сервисы для команд разработки.,infrastructure,true
59,cloud,Облачный инженер,Развёртывание и сопровождение облачной инфраструктуры.,infrastructure,true
60,virtualization,Инженер виртуализации,"Виртуальные среды, ресурсы и инфраструктура виртуализации.",infrastructure,true
61,storage,Инженер систем хранения,Инфраструктура хранения и доступности данных.,infrastructure,true
62,backup,Инженер резервного копирования и восстановления,"Резервирование, восстановление и проверка восстановления.",infrastructure,true
63,network,Сетевой инженер,"Проектирование, настройка и эксплуатация сетей.",networks,true
64,network-automation,Инженер автоматизации сетей,Программное управление сетевой инфраструктурой.,networks,true
65,telecom,Инженер телекоммуникационных систем,Системы передачи данных и связи.,networks,true
66,wireless,Инженер беспроводных сетей,Беспроводная инфраструктура и качество соединений.,networks,true
67,appsec,Специалист по безопасности приложений — AppSec,Безопасность кода и поведения приложений.,security,true
68,infrastructure-security,Инженер инфраструктурной безопасности,"Защита серверов, сетей и инфраструктурных сервисов.",security,true
69,cloud-security,Инженер облачной безопасности,Защита облачных сред и конфигураций.,security,true
70,soc,Аналитик SOC,Мониторинг и анализ событий безопасности.,security,true
71,incident-response,Специалист по реагированию на киберинциденты,Исследование и устранение последствий атак.,security,true
72,pentest,Специалист по тестированию на проникновение,Проверка защищённости в согласованной области.,security,true
73,forensics,Специалист по цифровой криминалистике,Исследование цифровых следов и доказательств.,security,true
74,malware,Исследователь вредоносного ПО,Анализ поведения и устройства вредоносных программ.,security,true
75,iam,Специалист по управлению доступом — IAM,"Идентификация, аутентификация и права доступа.",security,true
76,cryptography,Специалист по прикладной криптографии,Разработка и оценка криптографических компонентов.,security,true
77,security-grc,Специалист по рискам и управлению ИБ — GRC,"Управление рисками, процессами и требованиями безопасности.",security,true
78,systems-analysis,Системный аналитик,"Требования, модели систем и взаимодействие компонентов.",analysis,true
79,business-analysis,Бизнес-аналитик,Потребности бизнеса и требования к изменениям.,analysis,true
80,process-analysis,Аналитик бизнес-процессов,Моделирование и совершенствование процессов.,analysis,true
81,integration-analysis,Аналитик интеграций,"Контракты обмена, взаимодействие и согласование систем.",analysis,true
82,software-architecture,Архитектор программного обеспечения,Структура приложений и технические решения.,architecture,true
83,solution-architecture,Архитектор решений — Solution Architect,Комплексные решения для конкретной потребности.,architecture,true
84,enterprise-architecture,Корпоративный архитектор — Enterprise Architect,Согласование бизнес- и ИТ-ландшафта организации.,architecture,true
85,data-architecture,Архитектор данных,"Структура потоков, моделей и платформ данных.",architecture,true
86,infrastructure-architecture,Архитектор инфраструктуры,Состав и взаимодействие инфраструктурных систем.,architecture,true
87,security-architecture,Архитектор безопасности,Архитектурные решения по защите систем.,architecture,true
88,ux,UX-дизайнер,Проектирование пользовательского опыта и сценариев.,design,true
89,ui,UI-дизайнер,Визуальные интерфейсы и их состояния.,design,true
90,product-design,Продуктовый дизайнер,Целостное проектирование цифрового продукта.,design,true
91,ux-research,UX-исследователь,Исследование пользователей и проверка гипотез.,design,true
92,interaction-design,Дизайнер взаимодействия,Поведение интерфейса и взаимодействий.,design,true
93,design-systems,Специалист по дизайн-системам,"Компоненты, правила и системность интерфейсов.",design,true
94,service-design,Сервис-дизайнер,Пользовательский путь через точки взаимодействия сервиса.,design,true
95,service-desk,Специалист технической поддержки — Service Desk,Первичная помощь пользователям и обработка обращений.,support,true
96,application-support,Инженер поддержки приложений,Диагностика и сопровождение работающих приложений.,support,true
97,implementation,Инженер внедрения,"Установка, настройка и ввод решений в эксплуатацию.",support,true
98,implementation-consulting,Консультант по внедрению ИТ-систем,Перевод потребностей заказчика в настройку и использование систем.,support,true
99,hardware-support,Инженер обслуживания ИТ-оборудования,Настройка и обслуживание вычислительных устройств.,support,true
100,itsm,Специалист по управлению ИТ-сервисами — ITSM,Организация процессов предоставления ИТ-сервисов.,it-services,true
101,incident-management,Специалист по управлению инцидентами,Координация восстановления работоспособности сервисов.,it-services,true
102,problem-management,Специалист по управлению проблемами,Устранение причин повторяющихся инцидентов.,it-services,true
103,release-management,Специалист по управлению релизами,Организация выпуска изменений.,it-services,true
104,change-management,Специалист по управлению ИТ-изменениями,Согласование и контроль изменений инфраструктуры и сервисов.,it-services,true
105,it-assets,Специалист по управлению ИТ-активами,Учёт и жизненный цикл оборудования и ПО.,it-services,true
106,finops,FinOps-специалист,Управление стоимостью использования облачных ресурсов.,it-services,true
107,product-management,Менеджер цифрового продукта,"Потребности пользователей, развитие и результаты продукта.",product-project,true
108,technical-product,Технический продуктовый менеджер,Управление техническими продуктами и платформами.,product-project,true
109,project-management,Менеджер ИТ-проектов,Организация выполнения проекта.,product-project,true
110,program-management,Менеджер ИТ-программ,Координация взаимосвязанных проектов.,product-project,true
111,delivery-management,Delivery Manager,Организация поставки продукта и работы команд.,product-project,true
112,it-consulting,ИТ-консультант,Оценка потребностей и рекомендация ИТ-решений.,product-project,true
113,technical-writing,Технический писатель,"Документация систем, продуктов и API.",documentation-training,true
114,developer-relations,Специалист Developer Relations — DevRel,Работа с сообществом разработчиков и использованием продукта.,documentation-training,true
115,technical-training,Технический тренер,Обучение использованию технологий и решений.,documentation-training,true
116,presales,Инженер технических предпродаж — Presales,Техническая оценка потребности и демонстрация решений.,documentation-training,true
117,developer-experience,Инженер опыта разработчиков — DevEx,Улучшение инструментов и рабочего процесса разработки.,documentation-training,true
118,it-audit,ИТ-аудитор,"Оценка систем, процессов и контролей ИТ.",technology-governance,true
119,it-compliance,Специалист по ИТ-комплаенсу,Контроль выполнения требований в работе ИТ-систем.,technology-governance,true
120,technology-governance,Специалист по управлению технологиями,"Правила выбора, использования и развития технологий.",technology-governance,true
